{   
    "structure": {
        "acidity": 0.3651303,
        "fizziness": 0,
        "intensity": 0.7317925,
        "sweetness": 0.4346559,
        "tannin": 0
    },
    "tastes": {
        "black_fruit": 0.011428571428571429,
        "citrus_fruit": 0.2742857142857143,
        "dried_fruit": 0.011428571428571429,
        "earth": 0.49142857142857144,
        "floral": 0.17142857142857143,
        "microbio": 0.14857142857142858,
        "non_oak": 0.04,
        "oak": 0.09142857142857143,
        "red_fruit": 0.005714285714285714,
        "spices": 0.045714285714285714,
        "tree_fruit": 0.5657142857142857,
        "tropical_fruit": 1.0,
        "vegetal": 0.10857142857142857
    }
}